Workbook

Sheet Leads CRM
A1: Lead ID | B1: Company | C1: Contact Name | D1: Role | E1: Email | F1: Phone | G1: Country | H1: Segment | I1: Service Line | J1: Source | K1: Lead Score | L1: Status | M1: Last Contact Date | N1: Next Follow-up Date | O1: Days to Follow-up | P1: Owner | Q1: Need / Pain | R1: Next Action | S1: Offer Value (€) | T1: Probability % | U1: Weighted Pipeline (€) | V1: Meeting Booked | W1: Proposal Sent | X1: Last Message / Notes | Y1: Website | Z1: LinkedIn | AA1: Priority
A2: L-001 | B2: ClearSpace | C2: Nicolas Croisard | D2: Unknown / Business Contact | E2: Nicolas.croisard@clearspace.today | G2: Switzerland | H2: Space / In-Orbit Services | I2: Senior engineering support / systems engineering / validation / technical reviews | J2: Direct outreach | K2: 70 | L2: Contacted | M2: 46121 | N2: 46127 | O2: =IF(N2="","",N2-TODAY()) -> 6 | P2: Gianluigi Rossi | Q2: Potential need for senior systems engineering and technical support on current or future activities | R2: Send polite follow-up email if no reply | T2: 0.2 | U2: =IF(AND(S2<>"",T2<>""),S2*T2,"") | V2: No | W2: No | X2: Intro email sent with company presentation attached. Waiting for first response. | Y2: https://clearspace.today | AA2: A
A3: L-002 | B3: Reflex Aerospace | C3: Mr. Motzki | D3: Unknown / Business Contact | E3: feliz@reflexaerospace.com | G3: Germany | H3: Space / Satellite Manufacturing | I3: Senior engineering support / systems engineering / validation / technical reviews | J3: Direct outreach | K3: 70 | L3: Contacted | M3: 46121 | N3: 46127 | O3: =IF(N3="","",N3-TODAY()) -> 6 | P3: Gianluigi Rossi | Q3: Potential need for senior engineering support across project lifecycle and technical reviews | R3: Send polite follow-up email if no reply | T3: 0.2 | U3: =IF(AND(S3<>"",T3<>""),S3*T3,"") | V3: No | W3: No | X3: Intro email sent with company presentation attached. Waiting for first response. | Y3: https://www.reflexaerospace.com | AA3: A
A4: L-003 | B4: Helsing | C4: Mr. Rogerson | D4: Unknown / Business Contact | E4: Sam.Rogerson@helsing.ai | H4: Defence / AI / Security | I4: Senior engineering support / systems engineering / validation / technical reviews | J4: Direct outreach | K4: 70 | L4: Contacted | M4: 46121 | N4: 46127 | O4: =IF(N4="","",N4-TODAY()) -> 6 | P4: Gianluigi Rossi | Q4: Potential need for senior engineering support, systems work and technical reviews on current or future activities | R4: Send polite follow-up email if no reply | T4: 0.2 | U4: =IF(AND(S4<>"",T4<>""),S4*T4,"") | V4: No | W4: No | X4: Intro email sent with company presentation attached. Waiting for first response. | Y4: https://helsing.ai | AA4: A
A5: L-004 | O5: =IF(N5="","",N5-TODAY()) | U5: =IF(AND(S5<>"",T5<>""),S5*T5,"")
A6: L-005 | O6: =IF(N6="","",N6-TODAY()) | U6: =IF(AND(S6<>"",T6<>""),S6*T6,"")
A7: L-006 | O7: =IF(N7="","",N7-TODAY()) | U7: =IF(AND(S7<>"",T7<>""),S7*T7,"")
A8: L-007 | O8: =IF(N8="","",N8-TODAY()) | U8: =IF(AND(S8<>"",T8<>""),S8*T8,"")
A9: L-008 | O9: =IF(N9="","",N9-TODAY()) | U9: =IF(AND(S9<>"",T9<>""),S9*T9,"")
A10: L-009 | O10: =IF(N10="","",N10-TODAY()) | U10: =IF(AND(S10<>"",T10<>""),S10*T10,"")
A11: L-010 | O11: =IF(N11="","",N11-TODAY()) | U11: =IF(AND(S11<>"",T11<>""),S11*T11,"")
A12: L-011 | O12: =IF(N12="","",N12-TODAY()) | U12: =IF(AND(S12<>"",T12<>""),S12*T12,"")
A13: L-012 | O13: =IF(N13="","",N13-TODAY()) | U13: =IF(AND(S13<>"",T13<>""),S13*T13,"")
A14: L-013 | O14: =IF(N14="","",N14-TODAY()) | U14: =IF(AND(S14<>"",T14<>""),S14*T14,"")
A15: L-014 | O15: =IF(N15="","",N15-TODAY()) | U15: =IF(AND(S15<>"",T15<>""),S15*T15,"")
A16: L-015 | O16: =IF(N16="","",N16-TODAY()) | U16: =IF(AND(S16<>"",T16<>""),S16*T16,"")
... A201: L-200 | O201: =IF(N201="","",N201-TODAY()) | U201: =IF(AND(S201<>"",T201<>""),S201*T201,"")

Sheet Dashboard
A1: ExoSpace Lead Tracker Dashboard
A3: Today | B3: =TODAY() -> 46121 | D3: Status | E3: Count
D4: New | E4: =COUNTIF('Leads CRM'!L2:L201,D4) -> 0
A5: Total leads | B5: =COUNTA('Leads CRM'!B2:B201) -> 3 | D5: Contacted | E5: =COUNTIF('Leads CRM'!L2:L201,D5) -> 3
A6: Open leads | B6: =COUNTIF('Leads CRM'!L2:L201,"<>")-COUNTIF('Leads CRM'!L2:L201,"Won")-COUNTIF('Leads CRM'!L2:L201,"Lost") -> 3 | D6: Replied | E6: =COUNTIF('Leads CRM'!L2:L201,D6) -> 0
A7: Meetings booked | B7: =COUNTIF('Leads CRM'!V2:V201,"Yes") -> 0 | D7: Meeting Booked | E7: =COUNTIF('Leads CRM'!L2:L201,D7) -> 0
A8: Proposals sent | B8: =COUNTIF('Leads CRM'!W2:W201,"Yes") -> 0 | D8: Qualified | E8: =COUNTIF('Leads CRM'!L2:L201,D8) -> 0
A9: Won | B9: =COUNTIF('Leads CRM'!L2:L201,"Won") -> 0 | D9: Proposal Sent | E9: =COUNTIF('Leads CRM'!L2:L201,D9) -> 0
A10: Lost | B10: =COUNTIF('Leads CRM'!L2:L201,"Lost") -> 0 | D10: Negotiation | E10: =COUNTIF('Leads CRM'!L2:L201,D10) -> 0
A11: Follow-up overdue | B11: =COUNTIFS('Leads CRM'!N2:N201,"<"&TODAY(),'Leads CRM'!L2:L201,"<>Won",'Leads CRM'!L2:L201,"<>Lost") -> 0 | D11: Won | E11: =COUNTIF('Leads CRM'!L2:L201,D11) -> 0
A12: Follow-up today | B12: =COUNTIFS('Leads CRM'!N2:N201,TODAY(),'Leads CRM'!L2:L201,"<>Won",'Leads CRM'!L2:L201,"<>Lost") -> 0 | D12: Lost | E12: =COUNTIF('Leads CRM'!L2:L201,D12) -> 0
A13: Pipeline gross (€) | B13: =SUM('Leads CRM'!S2:S201) -> 0 | D13: On Hold | E13: =COUNTIF('Leads CRM'!L2:L201,D13) -> 0
A14: Weighted pipeline (€) | B14: =SUM('Leads CRM'!U2:U201) -> 0

Sheet Follow-up Today
A1: Quick use
A2: Filter Leads CRM by Next Follow-up Date <= today, and work row by row.
A4: What to do today
A5: 1. Open Leads CRM
A6: 2. Filter Status not Won/Lost
A7: 3. Filter Next Follow-up Date <= today
A8: 4. Send follow-up and update Last Contact Date
A9: 5. Set a new Next Follow-up Date
A10: 6. Update Status and Notes

Sheet Agent Prompt
A1: Daily Lead Follow-up Agent Prompt
A3: Agisci come il mio Sales Follow-up Agent per ExoSpace. Obiettivo: - tenere aggiornata la pipeline lead - dirmi chi devo contattare oggi - suggerire follow-up brevi e concreti - aiutarmi a far avanzare i lead verso call, proposta o chiusura Quando ti mando l'elenco lead o una copia delle righe del CRM, devi rispondere con: 1. Lead da contattare oggi 2. Priorità A/B/C 3. Follow-up consigliato per ogni lead 4. Bozza email o messaggio LinkedIn 5. Prossima data follow-up consigliata 6. Rischi: freddo, fermo, non qualificato, da chiudere Regole: - sii diretto - orientato a meeting, proposta, incasso - no teoria - se un lead è fermo da troppo, proponi close-the-loop message - se un lead è caldo, proponi call to action precisa Formato: Nome azienda | contatto | stato | ultima azione | prossima azione | testo follow-up
